<?xml version="1.0" encoding="UTF-8"?>

<!-- All of our files start with a dds tag -->
<dds xmlns:xsi="http://www.w3.org/2001/XMLSchema-instance"
     xsi:noNamespaceSchemaLocation="https://community.rti.com/schema/6.0.0/rti_replay_service.xsd">

    <replay_service name="Replay_Service">
        <!-- Enable remote administration -->
        <administration>
            <domain_id>0</domain_id>
        </administration>

        <!-- Enable monitoring -->
        <monitoring>
            <status_publication_period>
                <sec>1</sec>
                <nanosec>0</nanosec>
            </status_publication_period>
            <!-- Sampling period: 500 ms -->
            <statistics_sampling_period>
                <sec>0</sec>
                <nanosec>500000000</nanosec>
            </statistics_sampling_period>
        </monitoring>

        <storage>
            <sqlite>
                <storage_format>XCDR_AUTO</storage_format>
                <database_dir>$(DATABASE_DIR)</database_dir>
              <sql_initialization_string>PRAGMA SYNCHRONOUS = OFF; PRAGMA journal_mode=WAL;</sql_initialization_string>
            </sqlite>
        </storage>
      
        <!-- Configuration for the service:
             DomainParticipant configuration, storage configuration -->
        <domain_participant name="DefaultParticipant">
            <domain_id>0</domain_id>
        </domain_participant>

        <session name="DefaultSession" 
                 default_participant_ref="DefaultParticipant">
            <!-- Topics to replay in this session -->
            <topic_group name="DefaultTopicGroup">
                <!-- Topics to replay -->
                <allow_topic_name_filter>*</allow_topic_name_filter>
                <deny_topic_name_filter>rti/*</deny_topic_name_filter>
            </topic_group>
        </session>
    </replay_service>
</dds>
