<?xml version="1.0" encoding="UTF-8"?>

<dds xmlns:xsi="http://www.w3.org/2001/XMLSchema-instance" xsi:noNamespaceSchemaLocation="https://community.rti.com/schema/6.0.0/rti_recording_service.xsd">

  <recording_service name="Recording_Service">

    <!-- Enable remote administration -->
    <administration>
      <domain_id>0</domain_id>
    </administration>

    <!-- enable monitoring -->
    <monitoring>
      <status_publication_period>
        <sec>1</sec>
        <nanosec>0</nanosec>
      </status_publication_period>
      <!-- Sampling period: 500 ms -->
      <statistics_sampling_period>
        <sec>0</sec>
        <nanosec>500000000</nanosec>
      </statistics_sampling_period>
    </monitoring>

    <!--  Top-level storage settings -->
    <storage>
      <sqlite>
        <storage_format>XCDR2</storage_format>
        <fileset>
          <workspace_dir>C:\Users\schs\Documents\rti_workspace\6.0.1\user_config\recording_service</workspace_dir>
          <execution_dir_expression>cdr_recording</execution_dir_expression>
          <!--<execution_dir_expression>cdr_recording_%ts%</execution_dir_expression>-->
          <filename_expression>rti_recorder_default_%auto:0%.dat</filename_expression>
          <!--<rollover>
            <enabled>true</enabled>
            <file_size_limit unit="GIGABYTES">1</file_size_limit>
            <time_limit>
              <days>1</days>
            </time_limit>
          </rollover>-->
        </fileset>
        <overwrite_policy_kind>DO_NOT_TOUCH</overwrite_policy_kind>
      </sqlite>
      <flush_period>
        <nanosec>100</nanosec>
      </flush_period>
    </storage>

    <!--  Top-level domain settings -->
    <domain_participant name="Participant0">
      <domain_id>0</domain_id>
    </domain_participant>

    <session name="DefaultSession">
      <topic_group name="RecordAll" participant_ref="Participant0">
        <allow_topic_name_filter>*</allow_topic_name_filter>
        <deny_topic_name_filter>rti/*</deny_topic_name_filter>
      </topic_group>
    </session>
  </recording_service>

</dds>
